id,name,email,password_hash,role,created_at
1,Admin User,admin@freshcart.com,$2a$10$jthEs5dI9YRdJEEufP2vDOxpT2rNluY1mubZi7mkuoau5HQhcROcC,admin,2026-08-21 08:46:25
2,Demo Customer,customer@freshcart.com,$2a$10$smu.dzl8D4REQUxtRyZhJ.cN9qwWRbAx9IhruHLicwRvmMFYr6mrq,customer,2026-08-21 08:46:25
3,Aarav Sharma,aarav1@email.com,$2a$10$NyvGXTdGqidmkYy6Z/lrRe5dZR.yjvsCs/kAGgOkmlPtHhYTCvcr2,customer,2026-08-21 08:46:25
4,Vivaan Iyer,vivaan2@email.com,$2a$10$NyvGXTdGqidmkYy6Z/lrRe5dZR.yjvsCs/kAGgOkmlPtHhYTCvcr2,customer,2026-08-21 08:46:25
5,Aditya Chopra,aditya3@email.com,$2a$10$NyvGXTdGqidmkYy6Z/lrRe5dZR.yjvsCs/kAGgOkmlPtHhYTCvcr2,customer,2026-08-21 08:46:25
6,Vihaan Gupta,vihaan4@email.com,$2a$10$NyvGXTdGqidmkYy6Z/lrRe5dZR.yjvsCs/kAGgOkmlPtHhYTCvcr2,customer,2026-08-21 08:46:25
7,Arjun Mehta,arjun5@email.com,$2a$10$NyvGXTdGqidmkYy6Z/lrRe5dZR.yjvsCs/kAGgOkmlPtHhYTCvcr2,customer,2026-08-21 08:46:25
8,Reyansh Singh,reyansh6@email.com,$2a$10$NyvGXTdGqidmkYy6Z/lrRe5dZR.yjvsCs/kAGgOkmlPtHhYTCvcr2,customer,2026-08-21 08:46:25
9,Sai Tiwari,sai7@email.com,$2a$10$NyvGXTdGqidmkYy6Z/lrRe5dZR.yjvsCs/kAGgOkmlPtHhYTCvcr2,customer,2026-08-21 08:46:25
10,Arnav Iyer,arnav8@email.com,$2a$10$NyvGXTdGqidmkYy6Z/lrRe5dZR.yjvsCs/kAGgOkmlPtHhYTCvcr2,customer,2026-08-21 08:46:25
11,Dhruv Iyer,dhruv9@email.com,$2a$10$NyvGXTdGqidmkYy6Z/lrRe5dZR.yjvsCs/kAGgOkmlPtHhYTCvcr2,customer,2026-08-21 08:46:25
12,Kabir Gupta,kabir10@email.com,$2a$10$NyvGXTdGqidmkYy6Z/lrRe5dZR.yjvsCs/kAGgOkmlPtHhYTCvcr2,customer,2026-08-21 08:46:25
13,Ananya Kumar,ananya11@email.com,$2a$10$NyvGXTdGqidmkYy6Z/lrRe5dZR.yjvsCs/kAGgOkmlPtHhYTCvcr2,customer,2026-08-21 08:46:25
14,Saanvi Bhat,saanvi12@email.com,$2a$10$NyvGXTdGqidmkYy6Z/lrRe5dZR.yjvsCs/kAGgOkmlPtHhYTCvcr2,customer,2026-08-21 08:46:25
15,Aanya Agarwal,aanya13@email.com,$2a$10$NyvGXTdGqidmkYy6Z/lrRe5dZR.yjvsCs/kAGgOkmlPtHhYTCvcr2,customer,2026-08-21 08:46:25
16,Isha Nair,isha14@email.com,$2a$10$NyvGXTdGqidmkYy6Z/lrRe5dZR.yjvsCs/kAGgOkmlPtHhYTCvcr2,customer,2026-08-21 08:46:25
17,Pari Reddy,pari15@email.com,$2a$10$NyvGXTdGqidmkYy6Z/lrRe5dZR.yjvsCs/kAGgOkmlPtHhYTCvcr2,customer,2026-08-21 08:46:25
18,Diya Reddy,diya16@email.com,$2a$10$NyvGXTdGqidmkYy6Z/lrRe5dZR.yjvsCs/kAGgOkmlPtHhYTCvcr2,customer,2026-08-21 08:46:25
19,Myra Singh,myra17@email.com,$2a$10$NyvGXTdGqidmkYy6Z/lrRe5dZR.yjvsCs/kAGgOkmlPtHhYTCvcr2,customer,2026-08-21 08:46:25
20,Sara Verma,sara18@email.com,$2a$10$NyvGXTdGqidmkYy6Z/lrRe5dZR.yjvsCs/kAGgOkmlPtHhYTCvcr2,customer,2026-08-21 08:46:25
21,Prisha Kumar,prisha19@email.com,$2a$10$NyvGXTdGqidmkYy6Z/lrRe5dZR.yjvsCs/kAGgOkmlPtHhYTCvcr2,customer,2026-08-21 08:46:25
22,Riya Bhat,riya20@email.com,$2a$10$NyvGXTdGqidmkYy6Z/lrRe5dZR.yjvsCs/kAGgOkmlPtHhYTCvcr2,customer,2026-08-21 08:46:25
23,Rahul Iyer,rahul21@email.com,$2a$10$NyvGXTdGqidmkYy6Z/lrRe5dZR.yjvsCs/kAGgOkmlPtHhYTCvcr2,customer,2026-08-21 08:46:25
24,Neha Bhat,neha22@email.com,$2a$10$NyvGXTdGqidmkYy6Z/lrRe5dZR.yjvsCs/kAGgOkmlPtHhYTCvcr2,customer,2026-08-21 08:46:25
25,Priya Chopra,priya23@email.com,$2a$10$NyvGXTdGqidmkYy6Z/lrRe5dZR.yjvsCs/kAGgOkmlPtHhYTCvcr2,customer,2026-08-21 08:46:25
26,Amit Patel,amit24@email.com,$2a$10$NyvGXTdGqidmkYy6Z/lrRe5dZR.yjvsCs/kAGgOkmlPtHhYTCvcr2,customer,2026-08-21 08:46:25
27,Sneha Iyer,sneha25@email.com,$2a$10$NyvGXTdGqidmkYy6Z/lrRe5dZR.yjvsCs/kAGgOkmlPtHhYTCvcr2,customer,2026-08-21 08:46:25
28,Kiran Kumar,kiran26@email.com,$2a$10$NyvGXTdGqidmkYy6Z/lrRe5dZR.yjvsCs/kAGgOkmlPtHhYTCvcr2,customer,2026-08-21 08:46:25
29,Vikram Kapoor,vikram27@email.com,$2a$10$NyvGXTdGqidmkYy6Z/lrRe5dZR.yjvsCs/kAGgOkmlPtHhYTCvcr2,customer,2026-08-21 08:46:25
30,Pooja Nair,pooja28@email.com,$2a$10$NyvGXTdGqidmkYy6Z/lrRe5dZR.yjvsCs/kAGgOkmlPtHhYTCvcr2,customer,2026-08-21 08:46:25
31,Rohan Nair,rohan29@email.com,$2a$10$NyvGXTdGqidmkYy6Z/lrRe5dZR.yjvsCs/kAGgOkmlPtHhYTCvcr2,customer,2026-08-21 08:46:25
32,Meera Nair,meera30@email.com,$2a$10$NyvGXTdGqidmkYy6Z/lrRe5dZR.yjvsCs/kAGgOkmlPtHhYTCvcr2,customer,2026-08-21 08:46:25
33,Suresh Reddy,suresh31@email.com,$2a$10$NyvGXTdGqidmkYy6Z/lrRe5dZR.yjvsCs/kAGgOkmlPtHhYTCvcr2,customer,2026-08-21 08:46:25
34,Lakshmi Sharma,lakshmi32@email.com,$2a$10$NyvGXTdGqidmkYy6Z/lrRe5dZR.yjvsCs/kAGgOkmlPtHhYTCvcr2,customer,2026-08-21 08:46:25
35,Rajesh Sharma,rajesh33@email.com,$2a$10$NyvGXTdGqidmkYy6Z/lrRe5dZR.yjvsCs/kAGgOkmlPtHhYTCvcr2,customer,2026-08-21 08:46:25
36,Divya Tiwari,divya34@email.com,$2a$10$NyvGXTdGqidmkYy6Z/lrRe5dZR.yjvsCs/kAGgOkmlPtHhYTCvcr2,customer,2026-08-21 08:46:25
37,Nikhil Agarwal,nikhil35@email.com,$2a$10$NyvGXTdGqidmkYy6Z/lrRe5dZR.yjvsCs/kAGgOkmlPtHhYTCvcr2,customer,2026-08-21 08:46:25
38,Kavya Malhotra,kavya36@email.com,$2a$10$NyvGXTdGqidmkYy6Z/lrRe5dZR.yjvsCs/kAGgOkmlPtHhYTCvcr2,customer,2026-08-21 08:46:25
39,Sanjay Rao,sanjay37@email.com,$2a$10$NyvGXTdGqidmkYy6Z/lrRe5dZR.yjvsCs/kAGgOkmlPtHhYTCvcr2,customer,2026-08-21 08:46:25
40,Nisha Malhotra,nisha38@email.com,$2a$10$NyvGXTdGqidmkYy6Z/lrRe5dZR.yjvsCs/kAGgOkmlPtHhYTCvcr2,customer,2026-08-21 08:46:25
41,Manish Das,manish39@email.com,$2a$10$NyvGXTdGqidmkYy6Z/lrRe5dZR.yjvsCs/kAGgOkmlPtHhYTCvcr2,customer,2026-08-21 08:46:25
42,Tanvi Verma,tanvi40@email.com,$2a$10$NyvGXTdGqidmkYy6Z/lrRe5dZR.yjvsCs/kAGgOkmlPtHhYTCvcr2,customer,2026-08-21 08:46:25
43,Gaurav Mehta,gaurav41@email.com,$2a$10$NyvGXTdGqidmkYy6Z/lrRe5dZR.yjvsCs/kAGgOkmlPtHhYTCvcr2,customer,2026-08-21 08:46:25
44,Swati Gupta,swati42@email.com,$2a$10$NyvGXTdGqidmkYy6Z/lrRe5dZR.yjvsCs/kAGgOkmlPtHhYTCvcr2,customer,2026-08-21 08:46:25
45,Harish Mehta,harish43@email.com,$2a$10$NyvGXTdGqidmkYy6Z/lrRe5dZR.yjvsCs/kAGgOkmlPtHhYTCvcr2,customer,2026-08-21 08:46:25
46,Bhavna Das,bhavna44@email.com,$2a$10$NyvGXTdGqidmkYy6Z/lrRe5dZR.yjvsCs/kAGgOkmlPtHhYTCvcr2,customer,2026-08-21 08:46:25
47,Deepak Mehta,deepak45@email.com,$2a$10$NyvGXTdGqidmkYy6Z/lrRe5dZR.yjvsCs/kAGgOkmlPtHhYTCvcr2,customer,2026-08-21 08:46:25
48,Ankita Patel,ankita46@email.com,$2a$10$NyvGXTdGqidmkYy6Z/lrRe5dZR.yjvsCs/kAGgOkmlPtHhYTCvcr2,customer,2026-08-21 08:46:25
49,Kunal Iyer,kunal47@email.com,$2a$10$NyvGXTdGqidmkYy6Z/lrRe5dZR.yjvsCs/kAGgOkmlPtHhYTCvcr2,customer,2026-08-21 08:46:25
50,Pallavi Singh,pallavi48@email.com,$2a$10$NyvGXTdGqidmkYy6Z/lrRe5dZR.yjvsCs/kAGgOkmlPtHhYTCvcr2,customer,2026-08-21 08:46:25
51,Ashish Nair,ashish49@email.com,$2a$10$NyvGXTdGqidmkYy6Z/lrRe5dZR.yjvsCs/kAGgOkmlPtHhYTCvcr2,customer,2026-08-21 08:46:25
52,Shruti Verma,shruti50@email.com,$2a$10$NyvGXTdGqidmkYy6Z/lrRe5dZR.yjvsCs/kAGgOkmlPtHhYTCvcr2,customer,2026-08-21 08:46:25
